bristolbears	asmofficiel
asmofficiel	bristolbears
championscup	asmofficiel
asmofficiel	championscup
englandrugby	asmofficiel
exeterchiefs	asmofficiel
francerugby	asmofficiel
asmofficiel	francerugby
harlequins	asmofficiel
asmofficiel	harlequins
leinsterrugby	asmofficiel
asmofficiel	leinsterrugby
mhr_officiel	asmofficiel
asmofficiel	mhr_officiel
munsterrugby	asmofficiel
asmofficiel	munsterrugby
premrugby	asmofficiel
pro14official	asmofficiel
racing92	asmofficiel
asmofficiel	racing92
rctofficiel	asmofficiel
asmofficiel	rctofficiel
rugby_ie	asmofficiel
asmofficiel	saintsrugby
asmofficiel	saracens
asmofficiel	scotlandteam
sfparisrugby	asmofficiel
asmofficiel	sfparisrugby
sixnationsrugby	asmofficiel
stadetoulousain	asmofficiel
asmofficiel	stadetoulousain
ulsterrugby	asmofficiel
asmofficiel	ulsterrugby
worldrugby	asmofficiel
asmofficiel	worldrugby
championscup	bristolbears
bristolbears	championscup
connachtrugby	bristolbears
bristolbears	connachtrugby
englandrugby	bristolbears
bristolbears	englandrugby
exeterchiefs	bristolbears
bristolbears	exeterchiefs
federugby	bristolbears
bristolbears	federugby
harlequins	bristolbears
bristolbears	harlequins
bristolbears	irishrugby
leinsterrugby	bristolbears
bristolbears	leinsterrugby
bristolbears	munsterrugby
premrugby	bristolbears
bristolbears	premrugby
pro14official	bristolbears
bristolbears	pro14official
bristolbears	rctofficiel
bristolbears	rugbyworldcup
bristolbears	saintsrugby
saracens	bristolbears
bristolbears	saracens
sfparisrugby	bristolbears
bristolbears	sfparisrugby
bristolbears	sixnationsrugby
skysportsrugby	bristolbears
bristolbears	skysportsrugby
bristolbears	ulsterrugby
welshrugbyunion	bristolbears
bristolbears	welshrugbyunion
bristolbears	worldrugby
connachtrugby	championscup
championscup	connachtrugby
englandrugby	championscup
championscup	englandrugby
exeterchiefs	championscup
championscup	exeterchiefs
federugby	championscup
championscup	federugby
francerugby	championscup
championscup	francerugby
harlequins	championscup
championscup	harlequins
irishrugby	championscup
championscup	irishrugby
leinsterrugby	championscup
championscup	leinsterrugby
mhr_officiel	championscup
championscup	mhr_officiel
munsterrugby	championscup
championscup	munsterrugby
premrugby	championscup
championscup	premrugby
pro14official	championscup
championscup	pro14official
racing92	championscup
championscup	racing92
rctofficiel	championscup
championscup	rctofficiel
rugby_ie	championscup
championscup	rugby_ie
championscup	rugbyworldcup
saintsrugby	championscup
championscup	saintsrugby
saracens	championscup
championscup	saracens
scotlandteam	championscup
championscup	scotlandteam
sfparisrugby	championscup
championscup	sfparisrugby
sixnationsrugby	championscup
championscup	sixnationsrugby
skysportsrugby	championscup
championscup	skysportsrugby
stadetoulousain	championscup
championscup	stadetoulousain
ulsterrugby	championscup
championscup	ulsterrugby
welshrugbyunion	championscup
championscup	welshrugbyunion
championscup	womens6nations
worldrugby	championscup
championscup	worldrugby
englandrugby	connachtrugby
connachtrugby	englandrugby
exeterchiefs	connachtrugby
connachtrugby	exeterchiefs
federugby	connachtrugby
connachtrugby	harlequins
irishrugby	connachtrugby
connachtrugby	irishrugby
leinsterrugby	connachtrugby
connachtrugby	leinsterrugby
mhr_officiel	connachtrugby
connachtrugby	mhr_officiel
munsterrugby	connachtrugby
connachtrugby	munsterrugby
premrugby	connachtrugby
pro14official	connachtrugby
connachtrugby	pro14official
racing92	connachtrugby
rugby_ie	connachtrugby
connachtrugby	rugby_ie
connachtrugby	rugbyworldcup
connachtrugby	saintsrugby
connachtrugby	saracens
scotlandteam	connachtrugby
sixnationsrugby	connachtrugby
connachtrugby	sixnationsrugby
skysportsrugby	connachtrugby
connachtrugby	skysportsrugby
stadetoulousain	connachtrugby
connachtrugby	stadetoulousain
ulsterrugby	connachtrugby
connachtrugby	ulsterrugby
connachtrugby	womens6nations
connachtrugby	worldrugby
exeterchiefs	englandrugby
englandrugby	exeterchiefs
federugby	englandrugby
englandrugby	federugby
francerugby	englandrugby
englandrugby	francerugby
harlequins	englandrugby
englandrugby	harlequins
irishrugby	englandrugby
englandrugby	irishrugby
leinsterrugby	englandrugby
englandrugby	leinsterrugby
mhr_officiel	englandrugby
englandrugby	munsterrugby
premrugby	englandrugby
englandrugby	premrugby
pro14official	englandrugby
englandrugby	pro14official
racing92	englandrugby
englandrugby	racing92
rctofficiel	englandrugby
englandrugby	rctofficiel
rugby_ie	englandrugby
rugbyworldcup	englandrugby
englandrugby	rugbyworldcup
saintsrugby	englandrugby
englandrugby	saintsrugby
saracens	englandrugby
englandrugby	saracens
scotlandteam	englandrugby
englandrugby	scotlandteam
sixnationsrugby	englandrugby
englandrugby	sixnationsrugby
skysportsrugby	englandrugby
englandrugby	skysportsrugby
ulsterrugby	englandrugby
englandrugby	ulsterrugby
welshrugbyunion	englandrugby
englandrugby	welshrugbyunion
womens6nations	englandrugby
englandrugby	womens6nations
worldrugby	englandrugby
englandrugby	worldrugby
federugby	exeterchiefs
exeterchiefs	federugby
exeterchiefs	francerugby
harlequins	exeterchiefs
exeterchiefs	harlequins
exeterchiefs	irishrugby
exeterchiefs	leinsterrugby
mhr_officiel	exeterchiefs
exeterchiefs	mhr_officiel
munsterrugby	exeterchiefs
exeterchiefs	munsterrugby
premrugby	exeterchiefs
exeterchiefs	premrugby
pro14official	exeterchiefs
exeterchiefs	pro14official
racing92	exeterchiefs
exeterchiefs	racing92
rctofficiel	exeterchiefs
exeterchiefs	rctofficiel
rugby_ie	exeterchiefs
rugbyworldcup	exeterchiefs
exeterchiefs	rugbyworldcup
exeterchiefs	saintsrugby
saracens	exeterchiefs
exeterchiefs	saracens
exeterchiefs	scotlandteam
sfparisrugby	exeterchiefs
exeterchiefs	sfparisrugby
exeterchiefs	sixnationsrugby
skysportsrugby	exeterchiefs
exeterchiefs	skysportsrugby
exeterchiefs	stadetoulousain
exeterchiefs	ulsterrugby
welshrugbyunion	exeterchiefs
exeterchiefs	welshrugbyunion
exeterchiefs	womens6nations
worldrugby	exeterchiefs
exeterchiefs	worldrugby
francerugby	federugby
federugby	francerugby
federugby	harlequins
irishrugby	federugby
federugby	leinsterrugby
federugby	munsterrugby
premrugby	federugby
federugby	premrugby
pro14official	federugby
federugby	pro14official
racing92	federugby
federugby	racing92
rctofficiel	federugby
federugby	rctofficiel
rugby_ie	federugby
rugbyworldcup	federugby
federugby	rugbyworldcup
federugby	saintsrugby
federugby	saracens
scotlandteam	federugby
federugby	scotlandteam
federugby	sfparisrugby
sixnationsrugby	federugby
federugby	sixnationsrugby
skysportsrugby	federugby
federugby	skysportsrugby
federugby	stadetoulousain
ulsterrugby	federugby
federugby	ulsterrugby
welshrugbyunion	federugby
federugby	welshrugbyunion
womens6nations	federugby
federugby	womens6nations
worldrugby	federugby
federugby	worldrugby
irishrugby	francerugby
francerugby	irishrugby
mhr_officiel	francerugby
francerugby	mhr_officiel
premrugby	francerugby
racing92	francerugby
francerugby	racing92
rctofficiel	francerugby
francerugby	rctofficiel
rugbyworldcup	francerugby
francerugby	rugbyworldcup
scotlandteam	francerugby
francerugby	scotlandteam
sfparisrugby	francerugby
francerugby	sfparisrugby
sixnationsrugby	francerugby
francerugby	sixnationsrugby
stadetoulousain	francerugby
francerugby	stadetoulousain
ulsterrugby	francerugby
welshrugbyunion	francerugby
francerugby	welshrugbyunion
womens6nations	francerugby
francerugby	womens6nations
worldrugby	francerugby
francerugby	worldrugby
leinsterrugby	harlequins
munsterrugby	harlequins
harlequins	munsterrugby
premrugby	harlequins
harlequins	premrugby
pro14official	harlequins
racing92	harlequins
harlequins	racing92
rctofficiel	harlequins
rugby_ie	harlequins
harlequins	rugbyworldcup
harlequins	saintsrugby
saracens	harlequins
harlequins	saracens
scotlandteam	harlequins
harlequins	scotlandteam
sfparisrugby	harlequins
harlequins	sfparisrugby
sixnationsrugby	harlequins
harlequins	sixnationsrugby
harlequins	skysportsrugby
ulsterrugby	harlequins
harlequins	ulsterrugby
welshrugbyunion	harlequins
harlequins	welshrugbyunion
worldrugby	harlequins
harlequins	worldrugby
leinsterrugby	irishrugby
irishrugby	leinsterrugby
mhr_officiel	irishrugby
munsterrugby	irishrugby
irishrugby	munsterrugby
premrugby	irishrugby
irishrugby	premrugby
pro14official	irishrugby
irishrugby	pro14official
racing92	irishrugby
rctofficiel	irishrugby
rugby_ie	irishrugby
irishrugby	rugby_ie
rugbyworldcup	irishrugby
irishrugby	rugbyworldcup
scotlandteam	irishrugby
irishrugby	scotlandteam
sixnationsrugby	irishrugby
irishrugby	sixnationsrugby
skysportsrugby	irishrugby
irishrugby	skysportsrugby
ulsterrugby	irishrugby
irishrugby	ulsterrugby
welshrugbyunion	irishrugby
irishrugby	welshrugbyunion
womens6nations	irishrugby
irishrugby	womens6nations
worldrugby	irishrugby
irishrugby	worldrugby
mhr_officiel	leinsterrugby
munsterrugby	leinsterrugby
leinsterrugby	munsterrugby
premrugby	leinsterrugby
leinsterrugby	premrugby
pro14official	leinsterrugby
leinsterrugby	pro14official
racing92	leinsterrugby
rctofficiel	leinsterrugby
rugby_ie	leinsterrugby
leinsterrugby	rugby_ie
leinsterrugby	rugbyworldcup
leinsterrugby	saintsrugby
scotlandteam	leinsterrugby
leinsterrugby	scotlandteam
sixnationsrugby	leinsterrugby
leinsterrugby	sixnationsrugby
skysportsrugby	leinsterrugby
leinsterrugby	skysportsrugby
stadetoulousain	leinsterrugby
ulsterrugby	leinsterrugby
leinsterrugby	ulsterrugby
welshrugbyunion	leinsterrugby
leinsterrugby	welshrugbyunion
leinsterrugby	womens6nations
worldrugby	leinsterrugby
leinsterrugby	worldrugby
mhr_officiel	munsterrugby
premrugby	mhr_officiel
mhr_officiel	premrugby
racing92	mhr_officiel
mhr_officiel	racing92
rctofficiel	mhr_officiel
mhr_officiel	rctofficiel
rugby_ie	mhr_officiel
mhr_officiel	rugbyworldcup
mhr_officiel	saintsrugby
sfparisrugby	mhr_officiel
mhr_officiel	sfparisrugby
sixnationsrugby	mhr_officiel
mhr_officiel	sixnationsrugby
stadetoulousain	mhr_officiel
mhr_officiel	stadetoulousain
welshrugbyunion	mhr_officiel
mhr_officiel	welshrugbyunion
premrugby	munsterrugby
pro14official	munsterrugby
munsterrugby	pro14official
racing92	munsterrugby
munsterrugby	racing92
rctofficiel	munsterrugby
munsterrugby	rctofficiel
rugby_ie	munsterrugby
munsterrugby	rugby_ie
munsterrugby	rugbyworldcup
munsterrugby	saintsrugby
munsterrugby	saracens
sixnationsrugby	munsterrugby
skysportsrugby	munsterrugby
munsterrugby	skysportsrugby
stadetoulousain	munsterrugby
ulsterrugby	munsterrugby
munsterrugby	ulsterrugby
worldrugby	munsterrugby
munsterrugby	worldrugby
pro14official	premrugby
premrugby	pro14official
racing92	premrugby
premrugby	rctofficiel
rugby_ie	premrugby
premrugby	rugbyworldcup
saintsrugby	premrugby
premrugby	saintsrugby
saracens	premrugby
premrugby	saracens
scotlandteam	premrugby
premrugby	scotlandteam
sixnationsrugby	premrugby
premrugby	sixnationsrugby
premrugby	skysportsrugby
ulsterrugby	premrugby
premrugby	ulsterrugby
welshrugbyunion	premrugby
premrugby	welshrugbyunion
worldrugby	premrugby
premrugby	worldrugby
pro14official	racing92
pro14official	rctofficiel
rugby_ie	pro14official
pro14official	rugby_ie
pro14official	rugbyworldcup
pro14official	saintsrugby
pro14official	saracens
scotlandteam	pro14official
pro14official	scotlandteam
sixnationsrugby	pro14official
pro14official	sixnationsrugby
skysportsrugby	pro14official
pro14official	skysportsrugby
pro14official	stadetoulousain
ulsterrugby	pro14official
pro14official	ulsterrugby
welshrugbyunion	pro14official
pro14official	welshrugbyunion
womens6nations	pro14official
pro14official	womens6nations
worldrugby	pro14official
pro14official	worldrugby
rctofficiel	racing92
racing92	rctofficiel
rugby_ie	racing92
racing92	rugbyworldcup
racing92	saintsrugby
racing92	saracens
racing92	scotlandteam
sfparisrugby	racing92
racing92	sfparisrugby
sixnationsrugby	racing92
racing92	sixnationsrugby
skysportsrugby	racing92
racing92	skysportsrugby
stadetoulousain	racing92
racing92	stadetoulousain
ulsterrugby	racing92
racing92	ulsterrugby
welshrugbyunion	racing92
racing92	welshrugbyunion
worldrugby	racing92
racing92	worldrugby
rugby_ie	rctofficiel
rctofficiel	rugbyworldcup
rctofficiel	saracens
rctofficiel	scotlandteam
sfparisrugby	rctofficiel
rctofficiel	sfparisrugby
sixnationsrugby	rctofficiel
rctofficiel	sixnationsrugby
skysportsrugby	rctofficiel
rctofficiel	skysportsrugby
stadetoulousain	rctofficiel
rctofficiel	stadetoulousain
ulsterrugby	rctofficiel
worldrugby	rctofficiel
rctofficiel	worldrugby
rugby_ie	rugbyworldcup
rugby_ie	saracens
rugby_ie	scotlandteam
rugby_ie	sfparisrugby
rugby_ie	sixnationsrugby
rugby_ie	skysportsrugby
ulsterrugby	rugby_ie
rugby_ie	ulsterrugby
rugby_ie	welshrugbyunion
rugby_ie	worldrugby
saintsrugby	rugbyworldcup
saracens	rugbyworldcup
scotlandteam	rugbyworldcup
rugbyworldcup	scotlandteam
sfparisrugby	rugbyworldcup
sixnationsrugby	rugbyworldcup
skysportsrugby	rugbyworldcup
rugbyworldcup	skysportsrugby
ulsterrugby	rugbyworldcup
welshrugbyunion	rugbyworldcup
rugbyworldcup	welshrugbyunion
worldrugby	rugbyworldcup
rugbyworldcup	worldrugby
saracens	saintsrugby
saintsrugby	scotlandteam
sixnationsrugby	saintsrugby
skysportsrugby	saintsrugby
saintsrugby	skysportsrugby
ulsterrugby	saintsrugby
welshrugbyunion	saintsrugby
saintsrugby	welshrugbyunion
worldrugby	saintsrugby
saracens	scotlandteam
sixnationsrugby	saracens
saracens	sixnationsrugby
skysportsrugby	saracens
saracens	skysportsrugby
stadetoulousain	saracens
welshrugbyunion	saracens
saracens	welshrugbyunion
worldrugby	saracens
saracens	worldrugby
sixnationsrugby	scotlandteam
scotlandteam	sixnationsrugby
skysportsrugby	scotlandteam
scotlandteam	skysportsrugby
scotlandteam	ulsterrugby
welshrugbyunion	scotlandteam
scotlandteam	welshrugbyunion
womens6nations	scotlandteam
scotlandteam	womens6nations
worldrugby	scotlandteam
scotlandteam	worldrugby
sixnationsrugby	sfparisrugby
sfparisrugby	sixnationsrugby
skysportsrugby	sfparisrugby
stadetoulousain	sfparisrugby
sfparisrugby	stadetoulousain
worldrugby	sfparisrugby
sfparisrugby	worldrugby
skysportsrugby	sixnationsrugby
sixnationsrugby	stadetoulousain
ulsterrugby	sixnationsrugby
sixnationsrugby	ulsterrugby
welshrugbyunion	sixnationsrugby
sixnationsrugby	welshrugbyunion
womens6nations	sixnationsrugby
sixnationsrugby	womens6nations
worldrugby	sixnationsrugby
sixnationsrugby	worldrugby
ulsterrugby	skysportsrugby
skysportsrugby	ulsterrugby
welshrugbyunion	skysportsrugby
womens6nations	skysportsrugby
skysportsrugby	womens6nations
worldrugby	skysportsrugby
skysportsrugby	worldrugby
ulsterrugby	stadetoulousain
stadetoulousain	ulsterrugby
ulsterrugby	welshrugbyunion
ulsterrugby	womens6nations
worldrugby	ulsterrugby
ulsterrugby	worldrugby
womens6nations	welshrugbyunion
welshrugbyunion	womens6nations
worldrugby	welshrugbyunion
welshrugbyunion	worldrugby
worldrugby	womens6nations
womens6nations	worldrugby
